RATE_A1,RATE_A2,RATE_A3,RATE_A4,RATE_OP5,RATE_A5,RATE_A6
3000.0,2971.719567739259,3934.991007946211,741.0606009615842,3000.0,7857.01164000114,7958.704934872106
2853.726579868542,3992.2618171418735,1630.741792552951,516.4329832377551,3000.0,7915.670938529748,6809.0069022382695
2852.555688205665,1332.3887053822832,0.0,1778.2135167282222,3000.0,7979.428038519268,8000.0
2772.851550754674,1841.248137358497,3836.574203394443,2236.445580900313,3000.0,4503.357342456467,7835.909579295729
1470.757779264158,1342.6029951237053,2791.5510274405365,3932.4252380668718,2999.6476943054327,5861.660162337498,7141.743220878022
1650.7097479335198,2168.8173334835788,3293.6016435325523,3938.2457923825377,2767.990557837143,1336.0091670371592,3855.479338487363
2163.8324403455517,3846.4349997876734,2369.4051576166758,1380.5412148959138,2866.2318134405596,3583.264732864794,1007.4755538088747
2816.3045867655987,2677.6414106007446,2803.00255191247,2652.032226778521,2196.8258583423344,0.0,511.74625531798523
2047.5707421823138,1887.196615187123,3851.2621909487957,2207.0666915585775,2979.7768325432453,1220.469034890915,594.6617369950751
